as_of_date,rydex_ratio
2015-01-02,1.1621223950780093
2015-01-05,1.194691959937445
2015-01-06,1.16005006417984
2015-01-07,1.110153098754108
2015-01-08,1.0492431817248473
2015-01-09,1.0652979836249152
2015-01-12,1.0555257777661424
2015-01-13,1.0583778294128223
2015-01-14,1.0362591882452181
2015-01-15,1.0450044588609149
2015-01-16,1.0064275756751317
2015-01-20,1.0139031436056738
2015-01-21,0.9989843520395253
2015-01-22,1.0061951978481538
2015-01-23,1.0007282346905548
2015-01-26,1.002633543636581
2015-01-27,1.0693298472157418
2015-01-28,1.064432957532625
2015-01-29,0.9705464391106964
2015-01-30,0.9941258843735196
2015-02-02,0.9509371566784106
2015-02-03,0.9616118515518809
2015-02-04,1.1257103695441182
2015-02-05,1.1101036434723945
2015-02-06,1.1706391488928305
2015-02-09,1.18134483954561
2015-02-10,1.128787641430977
2015-02-11,1.1253914696084566
2015-02-12,1.1101804786942773
2015-02-13,1.1494882591067728
2015-02-17,1.1620625272464213
2015-02-18,1.1577383778766783
2015-02-19,1.1622459170319719
2015-02-20,1.164707279702728
2015-02-23,1.1491204321477482
2015-02-24,1.1477823206174382
2015-02-25,1.1560385180318373
2015-02-26,1.1717291462054784
2015-02-27,1.1888993268241603
2015-03-02,1.1836809863693727
2015-03-03,1.203136991793386
2015-03-04,1.2262679369904959
2015-03-05,1.22067671488034
2015-03-06,1.2366978725806768
2015-03-09,1.2496292028198641
2015-03-10,1.3384710624769183
2015-03-11,1.3608289089188284
2015-03-12,1.2994207284946804
2015-03-13,1.34991079952805
2015-03-16,1.2807954294374442
2015-03-17,1.3892920909642017
2015-03-18,1.346292752072133
2015-03-19,1.3423853607766902
2015-03-20,1.4260159608550027
2015-03-23,1.424107686544631
2015-03-24,1.3659785550988275
2015-03-25,1.4460020724089242
2015-03-26,1.425971915358848
2015-03-27,1.3033815426093884
2015-03-30,1.185748283041501
2015-03-31,1.2262195971649585
2015-04-01,1.2457206694245313
2015-04-02,1.24165530733493
2015-04-06,1.1454260665324598
2015-04-07,1.1412413014610225
2015-04-08,1.1164147275452032
2015-04-09,1.0954883784977367
2015-04-10,1.1007996116049512
2015-04-13,1.1105691379444207
2015-04-14,1.1390147912262882
2015-04-15,1.1185735169935471
2015-04-16,1.1229872754848695
2015-04-17,1.1767331000556123
2015-04-20,1.1458950131523709
2015-04-21,1.1317090668206682
2015-04-22,1.1282075454836205
2015-04-23,1.1632816910732646
2015-04-24,1.1678415207989845
2015-04-27,1.177059879833923
2015-04-28,1.2082742940198168
2015-04-29,1.2477030136963578
2015-04-30,1.3124627294310496
2015-05-01,1.2573118426287562
2015-05-04,1.2290688601432433
2015-05-05,1.2596114843500736
2015-05-06,1.2856296557346825
2015-05-07,1.2644160428065283
2015-05-08,1.2115991350775819
2015-05-11,1.2785673161436226
2015-05-12,1.2938757217656345
2015-05-13,1.2890061192663573
2015-05-14,1.2564382887138152
2015-05-15,1.2826099087032268
2015-05-18,1.2365258913646389
2015-05-19,1.2419044943636373
2015-05-20,1.2407009251406604
2015-05-21,1.2462387420194592
2015-05-22,1.3185909655096162
2015-05-26,1.3520294841126295
2015-05-27,1.288880160566446
2015-05-28,1.3261539749516724
2015-05-29,1.3732100680203638
2015-06-01,1.3604269426135944
2015-06-02,1.3723578143224946
2015-06-03,1.3624063240794126
2015-06-04,1.3552641619177779
2015-06-05,1.321411388976474
2015-06-08,1.2623458903450886
2015-06-09,1.2592275389827328
2015-06-10,1.140136029889266
2015-06-11,1.1377233468337757
2015-06-12,1.1817824739517417
2015-06-15,1.1987589036941921
2015-06-16,1.151740360918366
2015-06-17,1.1254690282035233
2015-06-18,1.2096015146887102
2015-06-19,1.2704121732908982
2015-06-22,1.2653160130053365
2015-06-23,1.3110582366242316
2015-06-24,1.3324111850948352
2015-06-25,1.3417733398373912
2015-06-26,1.4234477226477042
2015-06-29,1.3938790039817797
2015-06-30,1.2695136358485168
2015-07-01,1.2413348575726872
2015-07-02,1.1775274643694902
2015-07-06,1.150587180215825
2015-07-07,1.1269145535947571
2015-07-08,1.189411455046121
2015-07-09,1.229269137714614
2015-07-10,1.174278010107991
2015-07-13,1.1178612579959322
2015-07-14,1.122035561731861
2015-07-15,1.1560088324951543
2015-07-16,1.1457803778716074
2015-07-17,1.331623775354235
2015-07-20,1.3320681713624896
2015-07-21,1.3365731592868582
2015-07-22,1.3602563999657882
2015-07-23,1.3779636080868594
2015-07-24,1.4542893147413758
2015-07-27,1.4919105694054515
2015-07-28,1.401875640468231
2015-07-29,1.3359225756540143
2015-07-30,1.3209905063262914
2015-07-31,1.3301882029714467
2015-08-03,1.3379582711631568
2015-08-04,1.349136086907129
2015-08-05,1.325893826407562
2015-08-06,1.3904934124705635
2015-08-07,1.3980853213827236
2015-08-10,1.3430444301975586
2015-08-11,1.3446984466641978
2015-08-12,1.3206141015125041
2015-08-13,1.327974835359544
2015-08-14,1.2778550108599311
2015-08-17,1.244260140222849
2015-08-18,1.2626000969012885
2015-08-19,1.3092726540102457
2015-08-20,1.3452784293923188
2015-08-21,1.5535994934852508
2015-08-24,1.4724226588932876
2015-08-25,1.4968311805709162
2015-08-26,1.447079661215088
2015-08-27,1.5588734777065276
2015-08-28,1.7868362707009497
2015-08-31,1.8957277180368055
2015-09-01,2.0895659120606545
2015-09-02,2.097027948623444
2015-09-03,2.3808232021594042
2015-09-04,2.500570991641738
2015-09-08,2.304421146196575
2015-09-09,2.519737874559461
2015-09-10,2.536240946731496
2015-09-11,2.4893426406968198
2015-09-14,2.5138450686225977
2015-09-15,2.4493232768436326
2015-09-16,2.450974102229988
2015-09-17,2.448800275556849
2015-09-18,2.5243096583817697
2015-09-21,2.4941962809242706
2015-09-22,2.4562831671937713
2015-09-23,2.4570626540430123
2015-09-24,2.486504796576185
2015-09-25,2.618559885418704
2015-09-28,2.843031065269165
2015-09-29,2.7686785499310886
2015-09-30,2.593301520197915
2015-10-01,2.569160488163583
2015-10-02,2.5033303740698654
2015-10-05,2.5008030065583466
2015-10-06,2.63535259553061
2015-10-07,2.6593453173176953
2015-10-08,2.629106709392614
2015-10-09,2.6673438227565778
2015-10-12,2.623753833179306
2015-10-13,2.67800297173433
2015-10-14,2.7103601287419745
2015-10-15,2.462074256475101
2015-10-16,2.388996946135512
2015-10-19,2.351805548343579
2015-10-20,2.4101525316710553
2015-10-21,2.4514753915967145
2015-10-22,2.3630078673926787
2015-10-23,2.45303411863676
2015-10-26,2.4430762093495613
2015-10-27,2.429916703035425
2015-10-28,2.3073209601727083
2015-10-29,2.2563568762842205
2015-10-30,2.2622274185773783
2015-11-02,2.1847462736676992
2015-11-03,2.1638084130862514
2015-11-04,2.1320566187173293
2015-11-05,1.7240790478884396
2015-11-06,1.7270923413407888
2015-11-09,1.754991132784311
2015-11-10,1.7705778623860076
2015-11-11,1.7877950814026968
2015-11-12,1.8433446643319948
2015-11-13,1.9347931252228683
2015-11-16,1.7113534324181596
2015-11-17,1.6875463046183805
2015-11-18,1.5955928490252436
2015-11-19,1.5798119536505322
2015-11-20,1.5693769923474834
2015-11-23,1.5473089402636233
2015-11-24,1.5526276354235249
2015-11-25,1.5492725804699072
2015-11-27,1.5382459877947525
2015-11-30,1.5541670800622978
2015-12-01,1.50450076285108
2015-12-02,1.4330349901373507
2015-12-03,1.5099491799733264
2015-12-04,1.4285494907492606
2015-12-07,1.449223879770281
2015-12-08,1.4677860378534826
2015-12-09,1.485710791457069
2015-12-10,1.4659469879838871
2015-12-11,1.5730685038742205
2015-12-14,1.475392845123829
2015-12-15,1.380590348174256
2015-12-16,1.3446734481073292
2015-12-17,1.6124904530628956
2015-12-18,1.833718590651347
2015-12-21,1.6970370069407634
2015-12-22,1.6469607638267372
2015-12-23,1.6220786398492464
2015-12-24,1.624150824105537
2015-12-28,1.670473765806939
2015-12-29,1.6232201038965308
2015-12-30,1.7484065850254726
2015-12-31,1.8403090130005288
2016-01-04,1.8297496049663204
2016-01-05,1.8465855645452858
2016-01-06,1.8398939059818005
2016-01-07,1.9548543121336281
2016-01-08,2.0141011375517652
2016-01-11,1.9964019151682
2016-01-12,1.9184664141486703
2016-01-13,2.100079490440498
2016-01-14,1.966420461189068
2016-01-15,2.2329520524357442
2016-01-19,2.166537128623344
2016-01-20,2.090370871184904
2016-01-21,2.1067866397579413
2016-01-22,2.0878123810544613
2016-01-25,2.185465702512545
2016-01-26,2.1554922455391363
2016-01-27,2.314643780823274
2016-01-28,2.2048366456380943
2016-01-29,2.087021058662913
2016-02-01,2.1651478225302103
2016-02-02,2.3162060650572873
2016-02-03,2.350547397336274
2016-02-04,2.316847014807487
2016-02-05,2.5834852567757993
2016-02-08,2.534811193729814
2016-02-09,2.4582011172362663
2016-02-10,2.449337157837265
2016-02-11,2.4555579516872945
2016-02-12,2.4485523772636872
2016-02-16,2.3179757007859
2016-02-17,2.168065561436009
2016-02-18,2.2442126489011596
2016-02-19,2.250469748512588
2016-02-22,2.146978781789456
2016-02-23,2.263460214229954
2016-02-24,2.239303082767691
2016-02-25,2.163876869346591
2016-02-26,2.2676689128129603
2016-02-29,2.3238316068799327
2016-03-01,2.1486979077536317
2016-03-02,2.1480386213743916
2016-03-03,2.1469197151509145
2016-03-04,2.2185506855845594
2016-03-07,2.275547309535876
2016-03-08,2.3407976829843515
2016-03-09,2.1969559488880637
2016-03-10,2.1519045134280392
2016-03-11,2.07751612862015
2016-03-14,2.0492842783648766
2016-03-15,2.11534460207681
2016-03-16,2.1259930920356576
2016-03-17,2.131898989680729
2016-03-18,2.052316873139833
2016-03-21,2.053195315320724
2016-03-22,2.0389832210423773
2016-03-23,2.0887676921930565
2016-03-24,2.047158534360591
2016-03-28,2.0578428115001928
2016-03-29,1.9643725704982224
2016-03-30,1.9329081513851278
2016-03-31,1.9425104254482732
2016-04-01,1.9116520330240703
2016-04-04,1.8832020666544529
2016-04-05,1.842640720839553
2016-04-06,1.6942051384670769
2016-04-07,1.774454232379203
2016-04-08,1.6913296845418542
2016-04-11,1.7101544700759874
2016-04-12,1.5248452534010986
2016-04-13,1.497955064981519
2016-04-14,1.4769611111257195
2016-04-15,1.526183252333555
2016-04-18,1.5013764575080133
2016-04-19,1.5328711214763606
2016-04-20,1.4979657373520323
2016-04-21,1.6120662667136005
2016-04-22,1.6677607811072055
2016-04-25,1.6475874944628188
2016-04-26,1.6288111643361167
2016-04-27,1.6583602961100645
2016-04-28,1.719766030934461
2016-04-29,1.7263967645636675
2016-05-02,1.6338377284502006
2016-05-03,1.679749060048427
2016-05-04,1.713455127813342
2016-05-05,1.7132324752833517
2016-05-06,1.6752472881674274
2016-05-09,1.725324367086734
2016-05-10,1.6764237220040161
2016-05-11,1.6508165683499043
2016-05-12,1.6392215634252287
2016-05-13,1.657120913898157
2016-05-16,1.5972382494449013
2016-05-17,1.6535506789782735
2016-05-18,1.64630936292082
2016-05-19,1.6593747019545853
2016-05-20,1.632334276772616
2016-05-23,1.6412501649683626
2016-05-24,1.5840780156195737
2016-05-25,1.5759138490648605
2016-05-26,1.5638112792737968
2016-05-27,1.647757485959197
2016-05-31,1.6655720919472088
2016-06-01,1.7009516841188197
2016-06-02,1.7006971863039133
2016-06-03,1.7252166753041804
2016-06-06,1.6287433080564042
2016-06-07,1.6713026650652159
2016-06-08,1.662519771286387
2016-06-09,1.6756182497265175
2016-06-10,1.7272250541153351
2016-06-13,1.7729315854721237
2016-06-14,1.6025453714930484
2016-06-15,1.6196240158916395
2016-06-16,1.5816027172878055
2016-06-17,1.6005561592069053
2016-06-20,1.5521734746433804
2016-06-21,1.5520970728563976
2016-06-22,1.5615836290874685
2016-06-23,1.4976422158426228
2016-06-24,1.6688891017468068
2016-06-27,1.5879366310401992
2016-06-28,1.6197055982068815
2016-06-29,1.5396352987032513
2016-06-30,1.5203067893325477
2016-07-01,1.599298352363005
2016-07-05,1.6553067145431843
2016-07-06,1.6178932096108718
2016-07-07,1.6020730844765718
2016-07-08,1.6200923157939107
2016-07-11,1.5924744905412445
2016-07-12,1.6349668852557724
2016-07-13,1.6217163605624625
2016-07-14,1.604937745732972
2016-07-15,1.5992508397250527
2016-07-18,1.6160599431180491
2016-07-19,1.5904883248862154
2016-07-20,1.6000150535071322
2016-07-21,1.5816532988323504
2016-07-22,1.6294975901057285
2016-07-25,1.6240935535543577
2016-07-26,1.626925069422461
2016-07-27,1.6094718909021866
2016-07-28,1.5989702948002065
2016-07-29,1.6262081901693
2016-08-01,1.6729240223313633
2016-08-02,1.7043256909330156
2016-08-03,1.6892232348105523
2016-08-04,1.6417864141112524
2016-08-05,1.7051480716285934
2016-08-08,1.6502254731138273
2016-08-09,1.6728642248976657
2016-08-10,1.6515049836292073
2016-08-11,1.6484179487640551
2016-08-12,1.642198102166554
2016-08-15,1.6685258463301722
2016-08-16,1.6607425386555104
2016-08-17,1.6386601406144443
2016-08-18,1.6227398374499518
2016-08-19,1.5916693803807809
2016-08-22,1.5822904909370117
2016-08-23,1.6956075013661387
2016-08-24,1.7036808501252592
2016-08-25,1.6242674756475772
2016-08-26,1.619755277634284
2016-08-29,1.6345272022320696
2016-08-30,1.618234187893625
2016-08-31,1.60101048130222
2016-09-01,1.6071909069618717
2016-09-02,1.6084785953178111
2016-09-06,1.616000598620613
2016-09-07,1.6441942139847074
2016-09-08,1.8153826873121375
2016-09-09,1.6831136792400858
2016-09-12,1.7022403169906817
2016-09-13,1.6606868280599012
2016-09-14,1.5870973807211033
2016-09-15,1.588956480515568
2016-09-16,1.6723701425699775
2016-09-19,1.6633000801406868
2016-09-20,1.7037873957326826
2016-09-21,1.6902505705584858
2016-09-22,1.7549965305796247
2016-09-23,1.871819466196512
2016-09-26,1.8078081419291079
2016-09-27,1.8353794343207577
2016-09-28,1.8221947250131363
2016-09-29,1.760990339867797
2016-09-30,1.7770409515061267
2016-10-03,1.7214235841364405
2016-10-04,1.6714806606402968
2016-10-05,1.65146991476837
2016-10-06,1.6623704538246011
2016-10-07,1.6331209083827392
2016-10-10,1.7035362775901173
2016-10-11,1.6956662421607602
2016-10-12,1.6494184834809873
2016-10-13,1.6600653055638297
2016-10-14,1.704551741234874
2016-10-17,1.657198819935436
2016-10-18,1.6675135813225745
2016-10-19,1.6857618881262586
2016-10-20,1.6773106935607904
2016-10-21,1.6291955476863271
2016-10-24,1.6794709677124975
2016-10-25,1.7532730588662768
2016-10-26,1.7781303672901305
2016-10-27,1.8094446990187345
2016-10-28,1.824985070115129
2016-10-31,1.7079818001530267
2016-11-01,1.7413276162786044
2016-11-02,1.8388050545603705
2016-11-03,1.859918170006591
2016-11-04,1.7395986327077437
2016-11-07,1.6886173166446479
2016-11-08,1.7262562980580811
2016-11-09,1.8219050687153822
2016-11-10,1.832867276017687
2016-11-11,1.7769802917984698
2016-11-14,1.641742752837063
2016-11-15,1.5894652567027008
2016-11-16,1.547172270951632
2016-11-17,1.5314160426819374
2016-11-18,1.466758330979192
2016-11-21,1.4537301007981276
2016-11-22,1.4922432160055141
2016-11-23,1.4779845074522076
2016-11-25,1.4859459105224841
2016-11-28,1.4768048624391115
2016-11-29,1.48372064127162
2016-11-30,1.5608058992687914
2016-12-01,1.5539224132782654
2016-12-02,1.4654273726274292
2016-12-05,1.4393843372963564
2016-12-06,1.3684238487090254
2016-12-07,1.331630073718999
2016-12-08,1.2827078873051307
2016-12-09,1.4237976673337949
2016-12-12,1.386060293169548
2016-12-13,1.4467845592487327
2016-12-14,1.4294513466733727
2016-12-15,1.4470961457850076
2016-12-16,1.5304150494444122
2016-12-19,1.5121914511825276
2016-12-20,1.4974904932751987
2016-12-21,1.510646525687221
2016-12-22,1.5060282653462338
2016-12-23,1.4581092893934506
2016-12-27,1.5212141430498771
2016-12-28,1.5283517265984072
2016-12-29,1.5744113072741026
2016-12-30,1.5371952452002988
2017-01-03,1.5114557237557558
2017-01-04,1.4851347861735082
2017-01-05,1.477895089013729
2017-01-06,1.555884627675198
2017-01-09,1.5574139537700595
2017-01-10,1.6473581665221362
2017-01-11,1.6313492111827346
2017-01-12,1.6457114440292853
2017-01-13,1.690052983084552
2017-01-17,1.6845302355686527
2017-01-18,1.7342034892944433
2017-01-19,1.7230559061604278
2017-01-20,1.7253285054417333
2017-01-23,1.670832932333836
2017-01-24,1.5954679984995639
2017-01-25,1.588947480187115
2017-01-26,1.5647656361653464
2017-01-27,1.6066549980992921
2017-01-30,1.6156532559925871
2017-01-31,1.5910331143998202
2017-02-01,1.583641722902633
2017-02-02,1.5700558059417218
2017-02-03,1.6086235757694445
2017-02-06,1.5922487101822516
2017-02-07,1.583348849352914
2017-02-08,1.5587540503915343
2017-02-09,1.5434895441184224
2017-02-10,1.5344560948361627
2017-02-13,1.5121741397154647
2017-02-14,1.465922385159296
2017-02-15,1.476186489719576
2017-02-16,1.457908262736652
2017-02-17,1.4507225028058361
2017-02-21,1.3682540374372179
2017-02-22,1.374090928302406
2017-02-23,1.366757702462445
2017-02-24,1.3537501385666646
2017-02-27,1.3644952025393149
2017-02-28,1.3217557936430717
2017-03-01,1.349503969365131
2017-03-02,1.342511864595162
2017-03-03,1.3517788105173545
2017-03-06,1.3409682235023577
2017-03-07,1.334140040487844
2017-03-08,1.3300892326182052
2017-03-09,1.3157045606740165
2017-03-10,1.332165805157397
2017-03-13,1.3464791383294459
2017-03-14,1.323339186425049
2017-03-15,1.3345620857428477
2017-03-16,1.3447532397877706
2017-03-17,1.356555025077971
2017-03-20,1.42715259762619
2017-03-21,1.3975091892371516
2017-03-22,1.408797916435977
2017-03-23,1.401178571426199
2017-03-24,1.4054639209112674
2017-03-27,1.3796170081363037
2017-03-28,1.3639595528934505
2017-03-29,1.3844196469596366
2017-03-30,1.3945712797753866
2017-03-31,1.4056685107150866
2017-04-03,1.4018332279717407
2017-04-04,1.3509302295806853
2017-04-05,1.289896292065256
2017-04-06,1.2653357590530339
2017-04-07,1.2400464676692355
2017-04-10,1.2380008147491863
2017-04-11,1.2546592749045213
2017-04-12,1.2595233429296453
2017-04-13,1.2599346681484207
2017-04-17,1.2287898130072528
2017-04-18,1.1997277561253943
2017-04-19,1.1947511181738462
2017-04-20,1.1631036779338784
2017-04-21,1.1740917735182186
2017-04-24,1.1514829606643766
2017-04-25,1.1268898128315579
2017-04-26,1.1303760551662438
2017-04-27,1.095719386094316
2017-04-28,1.076189496559412
2017-05-01,1.0444657397311903
2017-05-02,1.0264542918648554
2017-05-03,1.01385366675168
2017-05-04,1.0132717441833643
2017-05-05,1.002911578990669
2017-05-08,0.9961481389072427
2017-05-09,0.979628078460546
2017-05-10,0.9718975585450921
2017-05-11,0.9623071079434392
2017-05-12,0.9560560681405292
2017-05-15,0.9731726321574345
2017-05-16,0.9555925687710164
2017-05-17,1.0484481495310003
2017-05-18,1.0384184422237281
2017-05-19,1.0024957287443368
2017-05-22,0.9638210972741502
2017-05-23,0.9500730671069331
2017-05-24,0.9174373979750247
2017-05-25,0.8897060435734322
2017-05-26,0.8822618240094808
2017-05-30,0.8874279440341559
2017-05-31,0.8902592403204886
2017-06-01,0.8671729277991811
2017-06-02,0.8268136453312847
2017-06-05,0.8510509736327703
2017-06-06,0.8554309470656182
2017-06-07,0.8310541882806356
2017-06-08,0.8303752465326873
2017-06-09,0.898839243864965
2017-06-12,0.9150863271344042
2017-06-13,0.8712864585082137
2017-06-14,0.8854589036816322
2017-06-15,0.887626133997597
2017-06-16,0.8895375287214282
2017-06-19,0.8489538090374033
2017-06-20,0.8774546327808328
2017-06-21,0.8456338893971292
2017-06-22,0.844660333421126
2017-06-23,0.8394611747188783
2017-06-26,0.8626123958990988
2017-06-27,0.912911182168694
2017-06-28,0.8634640044979667
2017-06-29,0.9087338577932876
2017-06-30,0.9115837506457753
2017-07-03,0.921535497977123
2017-07-05,0.9135032426783877
2017-07-06,0.9292410527217343
2017-07-07,0.9011353134989493
2017-07-10,0.8836720556012359
2017-07-11,0.8719768322915875
2017-07-12,0.846216937676616
2017-07-13,0.8467123722257553
2017-07-14,0.8343050999123369
2017-07-17,0.8630758386662691
2017-07-18,0.8433750871097158
2017-07-19,0.8285216617439741
2017-07-20,0.8496757454826291
2017-07-21,0.8497342767248348
2017-07-24,0.8628556126759629
2017-07-25,0.8610071740926882
2017-07-26,0.7890287482419128
2017-07-27,0.8004651782181231
2017-07-28,0.873529254530597
2017-07-31,0.8916575799390992
2017-08-01,0.8870708786683416
2017-08-02,0.8712409720927341
2017-08-03,0.8967893462986064
2017-08-04,0.8955879554876254
2017-08-07,0.8849186338235626
2017-08-08,0.8886511878285162
2017-08-09,0.902738413056733
2017-08-10,0.9656072923796056
2017-08-11,0.9252037224430942
2017-08-14,0.885094045713149
2017-08-15,0.8788138291722201
2017-08-16,0.8667745946649091
2017-08-17,0.9235109516356665
2017-08-18,0.9079960438399951
2017-08-21,0.9073772541242884
2017-08-22,0.863461720003776
2017-08-23,0.8685119182271376
2017-08-24,0.9189377747043546
2017-08-25,0.9242780974067593
2017-08-28,0.9241110018911438
2017-08-29,0.8653533035831994
2017-08-30,0.8376734258965537
2017-08-31,0.8765475581445127
2017-09-01,0.899160468455555
2017-09-05,0.9103793067611533
2017-09-06,0.9128745613991941
2017-09-07,0.8923965035244099
2017-09-08,0.9160861997819038
2017-09-11,0.9209824879455124
2017-09-12,0.9224249597896849
2017-09-13,0.8836402205437174
2017-09-14,0.9051950333179914
2017-09-15,0.9316127554011808
2017-09-18,0.937752932349113
2017-09-19,0.9331445202214922
2017-09-20,0.8873052018460359
2017-09-21,0.8895513002139565
2017-09-22,0.9303819277741369
2017-09-25,0.9621241059023974
2017-09-26,0.8434750886687457
2017-09-27,0.8094853706095438
2017-09-28,0.8603451511110621
2017-09-29,0.838630936378191
2017-10-02,0.8557578168416741
2017-10-03,0.857185530238111
2017-10-04,0.8490096834099752
2017-10-05,0.8197366504174372
2017-10-06,0.833763107001758
2017-10-09,0.8671418381819381
2017-10-10,0.8606972452270681
2017-10-11,0.8532762609607077
2017-10-12,0.8584125725264999
2017-10-13,0.849106087229455
2017-10-16,0.8358233889494207
2017-10-17,0.8326473750971973
2017-10-18,0.8361392176827458
2017-10-19,0.845426394501413
2017-10-20,0.8261338199349485
2017-10-23,0.8458904775155994
2017-10-24,0.8330006807179396
2017-10-25,0.8360121146751486
2017-10-26,0.838498684923778
2017-10-27,0.7713513794749268
2017-10-30,0.7973559681213497
2017-10-31,0.7913021074994382
2017-11-01,0.8128853520266288
2017-11-02,0.8141089360758984
2017-11-03,0.7845229558007414
2017-11-06,0.787093119841163
2017-11-07,0.7893622721271265
2017-11-08,0.7802039868965408
2017-11-09,0.8114902840059791
2017-11-10,0.8016021983061896
2017-11-13,0.8074019386253098
2017-11-14,0.8062601258637981
2017-11-15,0.8135570609687731
2017-11-16,0.7782753659048012
2017-11-17,0.785192869707669
2017-11-20,0.7898546593690162
2017-11-21,0.7724560882794675
2017-11-22,0.7745963067594567
2017-11-24,0.7687591738514348
2017-11-27,0.7831719804493583
2017-11-28,0.7769841338402329
2017-11-29,0.8195113798392263
2017-11-30,0.7531351693540931
2017-12-01,0.7518132325955413
2017-12-04,0.7793280972758585
2017-12-05,0.7594399101787733
2017-12-06,0.7474641079638075
2017-12-07,0.7254319299165177
2017-12-08,0.7158102792598378
2017-12-11,0.7117553143309322
2017-12-12,0.71531934875375
2017-12-13,0.7217924197530602
2017-12-14,0.7376265876347926
2017-12-15,0.7163269816647523
2017-12-18,0.73790962908888
2017-12-19,0.7346887188822148
2017-12-20,0.7310394305722682
2017-12-21,0.7268197359980312
2017-12-22,0.7295077521667503
2017-12-26,0.7824882218440441
2017-12-27,0.7819012196846651
2017-12-28,0.7993570876988729
2017-12-29,0.8119228304932062
2018-01-02,0.7780213335900124
2018-01-03,0.7579677692650272
2018-01-04,0.7727596796585123
2018-01-05,0.7390288483883889
2018-01-08,0.7358111894418979
2018-01-09,0.7354609389289383
2018-01-10,0.7384344325198036
2018-01-11,0.7119345810832107
2018-01-12,0.6816545806312924
2018-01-16,0.6974293816632068
2018-01-17,0.6617834853472588
2018-01-18,0.6482632683116026
2018-01-19,0.6419375299698623
2018-01-22,0.6171469335626497
2018-01-23,0.5953973454582763
2018-01-24,0.6024054389160678
2018-01-25,0.5922172696145307
2018-01-26,0.5626875415416752
2018-01-29,0.572761237568146
2018-01-30,0.5887136986465714
2018-01-31,0.5745393518294326
2018-02-01,0.583518398073932
2018-02-02,0.6215296601022822
2018-02-05,0.75733491813359
2018-02-06,0.7162479390163459
2018-02-07,0.7489122022080208
2018-02-08,0.9067679539153084
2018-02-09,0.8358446227024333
2018-02-12,0.8720658898521733
2018-02-13,0.9208151673573953
2018-02-14,0.9061007877764586
2018-02-15,0.8483182304954301
2018-02-16,0.8516580575569513
2018-02-20,0.8544450882846613
2018-02-21,0.870645358868185
2018-02-22,0.897427355863185
2018-02-23,0.8402296738658876
2018-02-26,0.825144338912239
2018-02-27,0.8190121446238495
2018-02-28,0.8315632076621823
2018-03-01,0.8571958276051133
2018-03-02,0.841938682220566
2018-03-05,0.8141066219875309
2018-03-06,0.8005381256845943
2018-03-07,0.7943569084802306
2018-03-08,0.7971677178448755
2018-03-09,0.7530742465037457
2018-03-12,0.8039436614516209
2018-03-13,0.8350009297536655
2018-03-14,0.8212746657112858
2018-03-15,0.8119326013046572
2018-03-16,0.8015061075401673
2018-03-19,0.8661631935083393
2018-03-20,0.8477520945534281
2018-03-21,0.8644572842028247
2018-03-22,0.9082121751263789
2018-03-23,0.9747004638540594
2018-03-26,0.9030217669998686
2018-03-27,0.9906842194915614
2018-03-28,0.982333393903384
2018-03-29,0.9876702409049398
2018-04-02,1.0689784130343571
2018-04-03,1.006146857341534
2018-04-04,1.0020657841770302
2018-04-05,0.9914320243423521
2018-04-06,1.0158152455697786
2018-04-09,0.9898249547198539
2018-04-10,0.9941457720584561
2018-04-11,1.0055196473605503
2018-04-12,0.9866599552987992
2018-04-13,1.0077142707279343
2018-04-16,0.9930546443369396
2018-04-17,0.9436058028878687
2018-04-18,0.8782637809977945
2018-04-19,0.9093083579142489
2018-04-20,0.9477952539898202
2018-04-23,0.9601661692183651
2018-04-24,1.0123681219717597
2018-04-25,1.0198897576528192
2018-04-26,0.9538276199124913
2018-04-27,0.9842578461697082
2018-04-30,1.0290530815583543
2018-05-01,0.9957875888913255
2018-05-02,1.018936840394912
2018-05-03,1.039041387139313
2018-05-04,1.0305820501576963
2018-05-07,1.0422642708911112
2018-05-08,1.052499710608171
2018-05-09,1.0240947788005097
2018-05-10,0.997617341925567
2018-05-11,0.9692694030241052
2018-05-14,0.9930725593965152
2018-05-15,1.0272257633311248
2018-05-16,1.0288509459013322
2018-05-17,1.0626964816581552
2018-05-18,1.0292309069989851
2018-05-21,0.9919645692577577
2018-05-22,0.99891781011659
2018-05-23,0.9671004067423316
2018-05-24,0.963799249635627
2018-05-25,0.960763345202535
2018-05-29,0.987374008290865
2018-05-30,0.9762999443874965
2018-05-31,0.9929207414634146
2018-06-01,0.9583203290303889
2018-06-04,0.9577993870335094
2018-06-05,0.9546365661463879
2018-06-06,0.9495413917274039
2018-06-07,0.988539657558281
2018-06-08,0.9684265346130966
2018-06-11,0.9674617726876823
2018-06-12,0.9562046767241379
2018-06-13,0.9465637272003231
2018-06-14,0.9296001121973748
2018-06-15,0.9548861581111495
2018-06-18,0.9309766441940621
2018-06-19,0.939881354356024
2018-06-20,0.9168001324585376
2018-06-21,0.9538119581085498
2018-06-22,0.9466972657576125
2018-06-25,1.016376467704901
2018-06-26,0.9960178676581778
2018-06-27,1.033934273222532
2018-06-28,1.0023056554310241
2018-06-29,0.9870505852973425
2018-07-02,0.959824964892615
2018-07-03,0.989325644758583
2018-07-05,0.957829808289302
2018-07-06,0.9009983958209741
2018-07-09,0.8962686040043718
2018-07-10,0.8713911248277612
2018-07-11,0.8965739270742766
2018-07-12,0.8921974212245962
2018-07-13,0.8991697032443495
2018-07-16,0.9194436710165727
2018-07-17,0.9050275903862854
2018-07-18,0.9095295320542741
2018-07-19,0.9287639143979376
2018-07-20,0.9315763313115845
2018-07-23,0.9050919041310679
2018-07-24,0.8937609733834523
2018-07-25,0.8686153626950409
2018-07-26,0.9090146693189544
2018-07-27,0.9280900901975384
2018-07-30,0.9726149260940685
2018-07-31,0.9470959818710545
2018-08-01,0.9125232398571756
2018-08-02,0.8735123922897837
2018-08-03,0.8678729011224727
2018-08-06,0.8585435416224495
2018-08-07,0.868259117954296
2018-08-08,0.8693121974034599
2018-08-09,0.8727874845651084
2018-08-10,0.9044599239543726
2018-08-13,0.9097138788672181
2018-08-14,0.9052212738844448
2018-08-15,0.9570475714774392
2018-08-16,0.9353565425449023
2018-08-17,0.9476796304849885
2018-08-20,0.9498875336814107
2018-08-21,0.9396181551343941
2018-08-22,0.9334359175049992
2018-08-23,0.9351483919327608
2018-08-24,0.909227685592985
2018-08-27,0.9052214217941336
2018-08-28,0.8780100217458154
2018-08-29,0.8480213528166186
2018-08-30,0.8805301678834007
2018-08-31,0.8792761962668515
2018-09-04,0.8992241100077326
2018-09-05,0.9367075883335395
2018-09-06,0.9511366721401204
2018-09-07,0.9325037423562829
2018-09-10,0.9080134569750968
2018-09-11,0.8170385479405027
2018-09-12,0.8392015265262045
2018-09-13,0.8647335676162919
2018-09-14,0.865475218340718
2018-09-17,0.900762938309066
2018-09-18,0.8157847046338875
2018-09-19,0.8288271882657323
2018-09-20,0.8615286663557769
2018-09-21,0.8964368591178609
2018-09-24,0.8937515185568047
2018-09-25,0.7968125902547197
2018-09-26,0.7940078357793319
2018-09-27,0.8520422952420348
2018-09-28,0.8611220271695064
2018-10-01,0.8577312114035904
2018-10-02,0.8314159418037214
2018-10-03,0.8272068355982068
2018-10-04,0.9327858421522278
2018-10-05,0.9649058521020926
2018-10-08,0.9619488247312643
2018-10-09,0.9284526896412499
2018-10-10,1.0705904444444445
2018-10-11,1.135352103956603
2018-10-12,1.034159850093607
2018-10-15,1.0987662484939331
2018-10-16,1.0440780912586392
2018-10-17,1.033873562902693
2018-10-18,1.0599973608227478
2018-10-19,1.0450530526682331
2018-10-22,1.0340198751951666
2018-10-23,1.0413575862727156
2018-10-24,1.2284032176480593
2018-10-25,1.126589631607721
2018-10-26,1.2270375554339747
2018-10-29,1.4244858029915852
2018-10-30,1.358103642820256
2018-10-31,1.2716042986376672
2018-11-01,1.2343070888060765
2018-11-02,1.3451012763775363
2018-11-05,1.3443769312779925
2018-11-06,1.320903537758138
2018-11-07,1.2110161502048906
2018-11-08,1.2503742827515065
2018-11-09,1.3237166707799861
2018-11-12,1.4522639651870317
2018-11-13,1.4452469620038653
2018-11-14,1.4764372951191287
2018-11-15,1.4050580177695218
2018-11-16,1.5547764495073662
2018-11-19,1.7373874536350151
2018-11-20,1.8203482527014379
2018-11-21,1.844685340265876
2018-11-23,1.9009376298445657
2018-11-26,1.7925816918507245
2018-11-27,1.7781457257328384
2018-11-28,1.638460869782717
2018-11-29,1.6390914078001515
2018-11-30,1.6044825001654113
2018-12-03,1.525679798920188
2018-12-04,1.7235736149602212
2018-12-06,1.6931627534069664
2018-12-07,1.9411512536810596
2018-12-10,1.8881089189021945
2018-12-11,1.8790778911028858
2018-12-12,1.8571192115861515
2018-12-13,1.9011113586672217
2018-12-14,2.063824701502803
2018-12-17,2.2326356827628016
2018-12-18,2.1971294115498847
2018-12-19,2.3775908217931874
2018-12-20,2.4478543339711294
2018-12-21,2.7129399746315146
2018-12-24,2.9663838296471643
2018-12-26,2.5758599971616882
2018-12-27,2.5926025837237745
2018-12-28,2.6206855682238595
2018-12-31,2.609084600200821
2019-01-02,2.645426851781811
2019-01-03,2.8344694238953325
2019-01-04,2.540486140410403
2019-01-07,2.6270803429660208
2019-01-08,2.5690141064554344
2019-01-09,2.501265322635454
2019-01-10,2.4858513617401665
2019-01-11,2.52609594414451
2019-01-14,2.6149019323545084
2019-01-15,2.4921407606516643
2019-01-16,2.521973294751315
2019-01-17,2.441092812446485
2019-01-18,2.369381543176535
2019-01-22,2.507747857695662
2019-01-23,2.5001032501524305
2019-01-24,2.4392325600545197
2019-01-25,2.3573262796887153
2019-01-28,2.4541285048207766
2019-01-29,2.526866071492035
2019-01-30,2.333687210172725
2019-01-31,2.2342585419949113
2019-02-01,2.227044232654707
2019-02-04,2.1674859780633438
2019-02-05,2.099373342680292
2019-02-06,2.110393920121289
2019-02-07,2.1919238366097704
2019-02-08,2.159408273212045
2019-02-11,2.1884913551195613
2019-02-12,2.0753008225343423
2019-02-13,2.074608044774801
2019-02-14,2.053932423442544
2019-02-15,1.9990556428354431
2019-02-19,2.0282250971673323
2019-02-20,2.0061710945411217
2019-02-21,2.0282031180315805
2019-02-22,3.9645597102929524
2019-02-25,2.0011267012790492
2019-02-26,1.997647967911412
2019-02-27,2.008425131348542
2019-02-28,2.028654175841252
2019-03-01,1.9817634231302794
2019-03-04,1.981681481129697
2019-03-05,1.970221086186296
2019-03-06,0.0
2019-03-07,2.1039324452122776
2019-03-08,2.133283208004273
2019-03-11,2.0246835425932828
2019-03-12,2.0046582529496346
2019-03-13,1.9597095581152169
2019-03-14,1.981771321578043
2019-03-15,1.930375876515082
2019-03-18,1.9345084131618682
2019-03-19,1.905486306771401
2019-03-20,1.8919401165718952
2019-03-21,1.8343985159717524
2019-03-22,1.9725143925929687
2019-03-25,2.0131416083497915
2019-03-26,2.0029264020669943
2019-03-27,2.0259362417013267
2019-03-28,2.0175272896187986
2019-03-29,1.9769255756214807
2019-04-01,1.89575612536182
2019-04-02,1.887288149322056
2019-04-03,1.8611198132236664
2019-04-04,1.8872867383148948
2019-04-05,1.8599191010917615
2019-04-08,1.8650012690413216
2019-04-09,1.8917891111394025
2019-04-10,1.8628132356674343
2019-04-11,1.865171114153115
2019-04-12,1.8374293256589898
2019-04-15,1.8479037036238688
2019-04-16,1.8240845459455652
2019-04-17,1.8091292349878225
2019-04-18,1.8073020121692756
2019-04-22,1.785618988098715
2019-04-23,1.7179350293143536
2019-04-24,1.7449016985156631
2019-04-25,1.7146426646197133
2019-04-26,1.7129357110307353
2019-04-29,1.7092202902231797
2019-04-30,1.7450163295917451
2019-05-01,1.7597569764886374
2019-05-02,1.7824139811578392
2019-05-03,1.723927672597462
2019-05-06,1.805267444547571
2019-05-07,1.9120480699557878
2019-05-08,1.9225988312203635
2019-05-09,1.9544765476025263
2019-05-10,1.9788545610960449
2019-05-13,2.235255325461894
2019-05-14,2.131682455120928
2019-05-15,2.064845012965297
2019-05-16,2.0076128738840375
2019-05-17,2.0362977560862863
2019-05-20,2.161802904373665
2019-05-21,2.061126335480457
2019-05-22,2.0901588333224232
2019-05-23,2.214461820799386
2019-05-24,2.182560716533147
2019-05-28,2.254934061333829
2019-05-29,2.3405593369932185
2019-05-30,2.442942873293073
2019-05-31,2.654506848998207
2019-06-03,2.8769565582207095
2019-06-04,2.680769646150226
2019-06-05,2.7252671535509085
2019-06-06,2.6900661789260254
2019-06-07,2.5877162098511706
2019-06-10,2.616199196286259
2019-06-11,2.5751977474673917
2019-06-12,2.6394309910662495
2019-06-13,2.580232127362407
2019-06-14,2.5476419446434138
2019-06-17,2.5066058452876123
2019-06-18,2.3533535317075502
2019-06-19,2.364449575373149
2019-06-20,2.2787321067959936
2019-06-21,2.3027365756568523
2019-06-24,2.310756363781444
2019-06-25,2.435978469380502
2019-06-26,2.4167202693202197
2019-06-27,2.401160772336849
2019-06-28,2.388718066454156
2019-07-01,2.2987602900105855
2019-07-02,2.306448319929654
2019-07-03,2.2166212690721814
2019-07-05,2.2644690196688986
2019-07-08,2.3539354860755344
2019-07-09,2.2980734536810234
2019-07-10,2.2566027551757393
2019-07-11,2.2574675786699254
2019-07-12,2.233645081980905
2019-07-15,2.2512986777755146
2019-07-16,2.305909096930839
2019-07-17,2.33868402911972
2019-07-18,2.3287148712648458
2019-07-19,2.3925684973212897
2019-07-22,2.3406331769994853
2019-07-23,2.2961934697913127
2019-07-24,2.2443846274796404
2019-07-25,2.349906389729804
2019-07-26,2.2861963212614578
2019-07-29,2.4026712156242103
2019-07-30,2.4330667108955892
2019-07-31,2.4920554581037457
2019-08-01,2.5079051087151445
2019-08-02,2.5947343807794665
2019-08-05,2.961101997297113
2019-08-06,2.71810117182718
2019-08-07,2.685132248213553
2019-08-08,2.5628517667741058
2019-08-09,2.6599054793901584
2019-08-12,2.838949859651529
2019-08-13,2.588051442446891
2019-08-14,2.9344162654423696
2019-08-15,2.808418474577749
2019-08-16,2.7170299386582717
2019-08-19,2.6490084692535367
2019-08-20,2.739322651340516
2019-08-21,2.6406470403811886
2019-08-22,2.654702679616041
2019-08-23,2.930139160649459
2019-08-26,2.546848716954091
2019-08-27,2.5493646280966558
2019-08-28,2.541306195012377
2019-08-29,2.4567225233568304
2019-08-30,2.4714128947062695
2019-09-03,2.5366502997885485
2019-09-04,2.4877412168318016
2019-09-05,2.398000732187544
2019-09-06,2.4335381526147803
2019-09-09,2.4923463808033985
2019-09-10,2.5189621884235414
2019-09-11,2.4648383716608206
2019-09-12,2.398241770150048
2019-09-13,2.403182341770458
2019-09-16,2.4309910962181145
2019-09-17,2.3877973255162717
2019-09-18,2.3889119787130304
2019-09-19,2.3105574029462974
2019-09-20,2.386036482623408
2019-09-23,2.3403395539389913
2019-09-24,2.433570784127657
2019-09-25,2.316183294758091
2019-09-26,2.3616173063679944
2019-09-27,2.4317628820523343
2019-09-30,2.4199579005001985
2019-10-01,2.459719596871338
2019-10-02,2.6132341838131428
2019-10-03,2.39626005014468
2019-10-04,2.285254088479444
2019-10-07,2.362977930542807
2019-10-08,2.5486866899564826
2019-10-09,2.465114081286343
2019-10-10,2.432244169879529
2019-10-11,2.343120945793976
2019-10-14,2.4426210336295715
2019-10-15,2.3598579522145147
2019-10-16,2.4092712234023885
2019-10-17,2.381540954327311
2019-10-18,2.4587934373253653
2019-10-21,2.4082754924601204
2019-10-22,2.487694840521667
2019-10-23,2.4440306699780328
2019-10-24,2.3727332422353657
2019-10-25,2.360205478492415
2019-10-28,2.3504171921491976
2019-10-29,2.445784726774817
2019-10-30,2.427149735080646
2019-10-31,2.433611316239626
2019-11-01,2.3353004651191447
2019-11-04,2.2826527042407263
2019-11-05,2.246695751063942
2019-11-06,2.28903097638345
2019-11-07,2.2824138727371834
2019-11-08,2.264200551200491
2019-11-11,2.282692186648916
2019-11-12,2.2758255273154955
2019-11-13,2.2536680740737287
2019-11-14,2.282388992164725
2019-11-15,2.257759893301356
2019-11-18,2.252800182323685
2019-11-19,2.25018409158499
2019-11-20,2.2829953221201698
2019-11-21,2.353672542765038
2019-11-22,2.3564591560829653
2019-11-25,2.275742761366948
2019-11-26,2.251284162735058
2019-11-27,2.203897042510429
2019-11-29,2.2256757319244413
2019-12-02,2.3198335970668893
2019-12-03,2.349220402311307
2019-12-04,2.3503380905015745
2019-12-05,2.323938429619423
2019-12-06,2.2320353499259884
2019-12-09,2.2863809338535943
2019-12-10,2.2998087002916434
2019-12-11,2.254315165484665
2019-12-12,2.1959091640457644
2019-12-13,2.1817735688841204
2019-12-16,2.129661406345018
2019-12-17,2.12159818111262
2019-12-18,2.097596356096428
2019-12-19,2.059298139946666
2019-12-20,2.031441442628729
2019-12-23,2.0668904987998333
2019-12-24,2.0529413024071927
2019-12-26,1.9696263500951021
2019-12-27,1.9992640605040957
2019-12-30,2.0323773750644474
2019-12-31,2.0596225930675436
2020-01-02,1.959486019025213
2020-01-03,1.9944447455891157
2020-01-06,1.9586296899537208
2020-01-07,1.983965442683328
2020-01-08,1.9308734416131283
2020-01-09,1.8767586782373842
2020-01-10,1.8725956473020704
2020-01-13,1.8407484140568249
2020-01-14,1.8486997667921379
2020-01-15,1.8254597249847984
2020-01-16,1.762785338158842
2020-01-17,1.7267529444835517
2020-01-21,1.7836192093597054
2020-01-22,1.7346154891492058
2020-01-23,1.7127427296578526
2020-01-24,1.7563835577639222
2020-01-27,1.8787067752548883
2020-01-28,1.8276615659246827
2020-01-29,1.8032211197081027
2020-01-30,1.7821415171990587
2020-01-31,1.8732727570347667
2020-02-03,1.7998318868102732
2020-02-04,1.724408668430633
2020-02-05,1.732688400028995
2020-02-06,1.676145613102181
2020-02-07,1.6836932135909943
2020-02-10,1.6484301138443007
2020-02-11,1.637997044396661
2020-02-12,1.5614584654988546
2020-02-13,1.540614491656404
2020-02-14,1.5242119950582718
2020-02-18,1.5365746280303234
2020-02-19,1.489402689745893
2020-02-20,1.5300299533643087
2020-02-21,1.6081330516402956
2020-02-24,1.7996727671637074
2020-02-25,1.898849615204054
2020-02-26,1.8474701111635
2020-02-27,2.200123231469654
2020-02-28,2.180131191671801
2020-03-02,1.8579633110469742
2020-03-03,2.0752764689929593
2020-03-04,1.8661603172721655
2020-03-05,2.1175843684074787
2020-03-06,2.1941318610917886
2020-03-09,2.732218836580347
2020-03-10,2.4221495200343184
2020-03-11,2.878540193234696
2020-03-12,4.461293692184495
2020-03-13,3.517296128783693
2020-03-16,5.605894692298862
2020-03-17,4.749305130570685
2020-03-18,5.640764262164937
2020-03-19,5.2375241685366465
2020-03-20,6.2924421593120465
2020-03-23,6.061366479621545
2020-03-24,4.71805323579117
2020-03-25,4.9729837523344855
2020-03-26,4.434401680281076
2020-03-27,5.102716111367915
2020-03-30,4.577164814273266
2020-03-31,4.8847525606070095
2020-04-01,5.477706342701283
2020-04-02,5.050271318178001
2020-04-03,5.371194180578663
2020-04-06,4.399229865915177
2020-04-07,4.633407794375941
2020-04-08,4.389715798549627
2020-04-09,4.403725582545534
2020-04-13,4.42138097843593
2020-04-14,3.9197057756268894
2020-04-15,4.062080807177904
2020-04-16,3.7194887464749464
2020-04-17,3.578648360190152
2020-04-20,3.764100626282569
2020-04-21,4.2981345596377665
2020-04-22,3.849253498355345
2020-04-23,3.9103547644895724
2020-04-24,3.717610174202891
2020-04-27,3.7096754859481402
2020-04-28,3.9124001458843223
2020-04-29,3.5077104314709726
2020-04-30,3.5193522437627114
2020-05-01,3.841936904850896
2020-05-04,3.7023954848490983
2020-05-05,3.599380723681131
2020-05-06,3.5941985416140083
2020-05-07,3.51913999661542
2020-05-08,3.457835362118707
2020-05-11,3.4352137611657647
2020-05-12,3.6350001442008786
2020-05-13,3.740090858827267
2020-05-14,3.5897966790908913
2020-05-15,3.5361126832374854
2020-05-18,3.4006493057852096
2020-05-19,3.492280291168894
2020-05-20,3.2391956594938995
2020-05-21,3.370186351615079
2020-05-22,3.284465856960246
2020-05-26,3.3263438667603054
2020-05-27,3.230080315789863
2020-05-28,3.174995359891127
2020-05-29,3.0792693997812015
2020-06-01,3.0665299610953647
2020-06-02,3.047075027762659
2020-06-03,2.961216493575674
2020-06-04,2.9927466434112593
2020-06-05,2.8116529466279796
2020-06-08,2.8522863221003063
2020-06-09,2.7295227519154293
2020-06-10,2.5768165143079975
2020-06-11,2.8868457644980556
2020-06-12,2.789035524511529
2020-06-15,inf
2020-06-16,inf
2020-06-17,2.5762947541813066
2020-06-18,2.564641307667215
2020-06-19,2.5602622842261638
2020-06-22,2.5351215876539355
2020-06-23,2.4583116190792036
2020-06-24,2.662645172088005
2020-06-25,2.569577277288264
2020-06-26,2.775485573320135
2020-06-29,2.6331772221828227
2020-06-30,2.4769046898435576
2020-07-01,2.3900855973815487
2020-07-02,2.4164681612956267
2020-07-06,2.303774774992797
2020-07-07,2.380670908421272
2020-07-08,2.2920084150338074
2020-07-09,2.212454529608009
2020-07-10,2.1580810374873294
2020-07-13,2.3895791589391235
2020-07-14,2.3283357626791625
2020-07-15,2.2869413078903285
2020-07-16,2.2763866749453645
2020-07-17,2.205739230463156
2020-07-20,2.0301166396957764
2020-07-21,2.105890601326115
2020-07-22,2.1025867814957957
2020-07-23,2.269330366750766
2020-07-24,2.2724904968496094
2020-07-27,2.1102279716540355
2020-07-28,2.178614528739962
2020-07-29,2.083571741038881
2020-07-30,2.0636598305601437
2020-07-31,1.959090311038116
2020-08-03,1.9136660073073088
2020-08-04,2.000585049065335
2020-08-05,1.9853317632968441
2020-08-06,1.9230652050068167
2020-08-07,1.9947117433022783
2020-08-10,2.054569244271842
2020-08-11,2.1431824958210424
2020-08-12,1.961553740083633
2020-08-13,1.9485762443899064
2020-08-14,1.9833669297038883
2020-08-17,1.9332759673836648
2020-08-18,1.8847134018704352
2020-08-19,1.9329598413128075
2020-08-20,1.8638197674736676
2020-08-21,1.8349551371386905
2020-08-24,1.852975655520134
2020-08-25,1.7887962142226133
2020-08-26,1.671028456147686
2020-08-27,1.682085793806889
2020-08-28,1.6394556323912948
2020-08-31,1.6227653467082832
2020-09-01,1.54466151225998
2020-09-02,1.4923244126350483
2020-09-03,1.7523007490044198
2020-09-04,1.6831026912548452
2020-09-08,1.914154199001804
2020-09-09,1.7107211826785307
2020-09-10,0.0
2020-09-11,1.8206891589929075
2020-09-14,1.721908756683436
2020-09-15,1.6530577745837816
2020-09-16,1.7074012652175505
2020-09-17,1.7777163643717768
2020-09-18,1.8045057141200047
2020-09-21,1.7441550931915155
2020-09-22,1.6598912408519988
2020-09-23,1.8496887320403523
2020-09-24,1.8232799865714457
2020-09-25,1.6792206623751018
2020-09-28,1.6104306424229409
2020-09-29,1.6255876197850947
2020-09-30,1.58427051612222
2020-10-01,1.4975143041742196
2020-10-02,1.6388530786521467
2020-10-05,1.5421473811410014
2020-10-06,1.6245342108080914
2020-10-07,1.5311844387237399
2020-10-08,1.515636509862922
2020-10-09,1.4577205803759785
2020-10-12,1.3687493083052524
2020-10-13,1.3939677416580505
2020-10-14,1.423153985873332
2020-10-15,1.4593413936090622
2020-10-16,1.4708383164765302
2020-10-19,1.5585273940390647
2020-10-20,1.5305590017312243
2020-10-21,1.5035545761515425
2020-10-22,1.5024776985434614
2020-10-23,1.49546531224072
2020-10-26,1.564578150529589
2020-10-27,1.5309555247093218
2020-10-28,1.738965616232581
2020-10-29,1.6070322512446442
2020-10-30,1.7546961265671817
2020-11-02,1.7024879946127014
2020-11-03,1.6196060622987374
2020-11-04,1.4544345121429791
2020-11-05,1.407900100068427
2020-11-06,1.4073493763614546
2020-11-09,1.5617068851647342
2020-11-10,1.6222007457501273
2020-11-11,1.5049531366365223
2020-11-12,1.5227560063182413
2020-11-13,1.4612054549001956
2020-11-16,1.4380615878077319
2020-11-17,1.463616111926593
2020-11-18,1.499474640727212
2020-11-19,1.4500831797532108
2020-11-20,1.4841962326526752
2020-11-23,1.5053779054221623
2020-11-24,1.428604293530069
2020-11-25,1.4094368622374305
2020-11-27,1.3754796752039553
2020-11-30,1.4172953372271102
2020-12-01,1.352311692795777
2020-12-02,1.377454808414395
2020-12-03,1.3808983083447617
2020-12-04,1.3589579965830971
2020-12-07,1.3592828899197824
2020-12-08,1.3474431328013485
2020-12-09,1.4441453718621435
2020-12-10,1.4215602503720748
2020-12-11,1.420634195018764
2020-12-14,1.3728336612631895
2020-12-15,1.3371378728741976
2020-12-16,1.31691961943975
2020-12-17,1.296224082540102
2020-12-18,1.3060057615063154
2020-12-21,1.3364106735102232
2020-12-22,1.3444738942811447
2020-12-23,1.3647571289095477
2020-12-24,1.3501180566414654
2020-12-28,1.3192761128229205
2020-12-29,1.3165078288890555
2020-12-30,1.321195085470166
2020-12-31,1.3149535683203715
2021-01-04,1.3897181382202006
2021-01-05,1.354605532354053
2021-01-06,1.4191844393518105
2021-01-07,1.3100337903246262
2021-01-08,1.2638509079062235
2021-01-11,1.356905908373749
2021-01-12,1.3523608268484513
2021-01-13,1.3120610615563901
2021-01-14,1.3239305601497586
2021-01-15,1.3715441089688982
2021-01-19,1.3408385844558648
2021-01-20,1.25036335269401
2021-01-21,1.2219053738757502
2021-01-22,1.2247789187880642
2021-01-25,1.2186444888420969
2021-01-26,1.2119083052677393
2021-01-27,1.3163925493248967
2021-01-28,1.2681357654032286
2021-01-29,1.3207058262539906
2021-02-01,1.207986489976065
2021-02-02,1.155305947903563
2021-02-03,1.16941596004226
2021-02-04,1.1232335526563804
2021-02-05,1.1136717317616622
2021-02-08,1.115763768581468
2021-02-09,1.1221710967202387
2021-02-10,1.137100960956665
2021-02-11,1.1155043375796658
2021-02-12,1.107903483774084
2021-02-16,1.1268043358885058
2021-02-17,1.1472598985144837
2021-02-18,1.157681630768039
2021-02-19,1.163293860287063
2021-02-22,1.261006852866548
2021-02-23,1.239899936031114
2021-02-24,1.143073713732063
2021-02-25,1.246732209977727
2021-02-26,1.1950667545412335
2021-03-01,1.0786727256133863
2021-03-02,1.1454435935754028
2021-03-03,1.2580666331210983
2021-03-04,1.2929991315551506
2021-03-05,1.208782380382485
2021-03-08,1.3137919558605384
2021-03-09,1.1683910956085855
2021-03-10,1.1840482982153135
2021-03-11,1.1136781094455133
2021-03-12,1.1363744119622237
2021-03-15,1.0984877609089037
2021-03-16,1.0856032088987968
2021-03-17,1.0842443642885056
2021-03-18,1.1960751728035959
2021-03-19,1.1586381033444824
2021-03-22,1.0745990803304273
2021-03-23,1.11116740555762
2021-03-24,1.181914999660157
2021-03-25,1.1841493187701224
2021-03-26,1.1238981793792304
2021-03-29,1.127851721073668
2021-03-30,1.1534885036567295
2021-03-31,1.100023710434708
2021-04-01,1.0508626048163094
2021-04-05,1.0127080556354737
2021-04-06,1.0221446507042722
2021-04-07,1.0256518952196536
2021-04-08,0.9937988600554939
2021-04-09,0.9832987218123899
2021-04-12,1.0077720304094893
2021-04-13,0.9789848921224505
2021-04-14,1.0061025932920835
2021-04-15,0.9675984617542395
2021-04-16,0.9733208540291559
2021-04-19,1.0155423754839827
2021-04-20,1.0600727136963315
2021-04-21,1.0362762469687348
2021-04-22,1.0717829196548512
2021-04-23,1.0296597823561515
2021-04-26,1.0194857975882916
2021-04-27,1.0235066064313232
2021-04-28,1.0347387845274207
2021-04-29,1.0170498003224802
2021-04-30,1.0440369164729277
2021-05-03,1.0545314538371757
2021-05-04,1.1029275753851393
2021-05-05,1.0902364687175543
2021-05-06,1.065125544611613
2021-05-07,1.0326318023711207
2021-05-10,1.1309632083843293
2021-05-11,1.1198016058704652
2021-05-12,1.1963011689065262
2021-05-13,1.137401680733774
2021-05-14,1.0523168584751108
2021-05-17,1.0805718508367805
2021-05-18,1.110164110520058
2021-05-19,1.107908036082992
2021-05-20,1.029704521144164
2021-05-21,1.049840546273692
2021-05-24,1.004265830709147
2021-05-25,1.0070772143871043
2021-05-26,1.0014173845515402
2021-05-27,1.0108258927333589
2021-05-28,1.003652437657811
2021-06-01,1.0181596865658258
2021-06-02,1.0314352955944306
2021-06-03,1.059055945759785
2021-06-04,1.0049394596377978
2021-06-07,1.0124813285663328
2021-06-08,1.0147928894045606
2021-06-09,1.0198335715866733
2021-06-10,0.9882936485538069
2021-06-11,0.9873761944175158
2021-06-14,0.9666544421431357
2021-06-15,1.0130263755679898
2021-06-16,1.0433144687096132
2021-06-17,1.0128082464651513
2021-06-18,1.039466702808161
2021-06-21,1.0355167100641638
2021-06-22,1.0057925343687126
2021-06-23,1.0070044917661787
2021-06-24,0.9904955026107283
2021-06-25,0.9870554149838086
2021-06-28,0.9659285339667895
2021-06-29,0.9604070164844342
2021-06-30,0.9632163169746873
2021-07-01,0.959719065335696
2021-07-02,0.9292673318139386
2021-07-06,0.9414294178985739
2021-07-07,0.9392578348283233
2021-07-08,0.9604052708165024
2021-07-09,0.9290259614887352
2021-07-12,0.9269484774586162
2021-07-13,0.9257718077245257
2021-07-14,0.9157133965747145
2021-07-15,0.9385851380339252
2021-07-16,0.9584727297608268
2021-07-19,0.9886726406454597
2021-07-20,0.9630337606199566
2021-07-21,0.9295764259003467
2021-07-22,0.9052556891663127
2021-07-23,0.8754305843111646
2021-07-26,0.8776195567438482
2021-07-27,0.9063104631161991
2021-07-28,0.8808916196325943
2021-07-29,0.8776571252740076
2021-07-30,0.8908856241898817
2021-08-02,0.8934463703865885
2021-08-03,0.869047128892043
2021-08-04,0.8678207966895619
2021-08-05,0.8553779159337829
2021-08-06,0.8745055969715396
2021-08-09,0.8813593769246102
2021-08-10,0.9007883618459892
2021-08-11,0.9020908906689784
2021-08-12,0.8822463146486856
2021-08-13,0.873112073618169
2021-08-16,0.8778963250583035
2021-08-17,0.8989389514781412
2021-08-18,0.9234538767151756
2021-08-19,0.9045365541430943
2021-08-20,0.8740636386549911
2021-08-23,0.8475674889851103
2021-08-24,0.8551257855047508
2021-08-25,0.851335402472059
2021-08-26,0.8656038748494256
2021-08-27,0.8376388472258345
2021-08-30,0.8196713401848441
2021-08-31,0.823543557081436
2021-09-01,0.8188883591120438
2021-09-02,0.816082435268458
2021-09-03,0.8032465749630278
2021-09-07,0.8006457852515435
2021-09-08,0.8158485949045851
2021-09-09,0.8230826558982242
2021-09-10,0.8424597004031493
2021-09-13,0.8415522428635541
2021-09-14,0.8752401017810372
2021-09-15,0.8668522998714319
2021-09-16,0.8629616736922836
2021-09-17,0.888532544904287
2021-09-20,0.9271900624693238
2021-09-21,0.8817454126603298
2021-09-22,0.8599102078881642
2021-09-23,0.8377969571671833
2021-09-24,0.8322634619587553
2021-09-27,0.8478404619130094
2021-09-28,0.9129019960331972
2021-09-29,0.8632976325709099
2021-09-30,0.8752663481508651
2021-10-01,0.8557194443836436
2021-10-04,0.9041245087397288
2021-10-05,0.8236274525407208
2021-10-06,0.8131980959561587
2021-10-07,0.7932358640550705
2021-10-08,0.8101844037503307
2021-10-11,0.8271950846055145
2021-10-12,0.8370446162445653
2021-10-13,0.8121980689208977
2021-10-14,0.7727664870820308
2021-10-15,0.7627692016999611
2021-10-18,0.7480621276435127
2021-10-19,0.7329397091087522
2021-10-20,0.7443492365199372
2021-10-21,0.7358449151147539
2021-10-22,0.7565191697452286
2021-10-25,0.737114048864025
2021-10-26,0.7316397571055567
2021-10-27,0.7389916968709048
2021-10-28,0.7290075098504295
2021-10-29,0.726738857875534
2021-11-01,0.7360915113919952
2021-11-02,0.7262486629534873
2021-11-03,0.7048297853728773
2021-11-04,0.685788109812845
2021-11-05,0.6865818641723013
2021-11-08,0.7044962445044827
2021-11-09,0.7169032044690862
2021-11-10,0.7438733248110795
2021-11-11,0.7361088402157211
2021-11-12,0.7128481873657958
2021-11-15,0.7130606744792661
2021-11-16,0.6876242863270107
2021-11-17,0.6868594161829211
2021-11-18,0.6646559619283513
2021-11-19,0.6532999781025639
2021-11-22,0.6904810985580137
2021-11-23,0.7016328458414315
2021-11-24,0.6837908311194021
2021-11-26,0.7246440207444163
2021-11-29,0.6747560812968298
2021-11-30,0.7090505053712739
2021-12-01,0.7440495543516236
2021-12-02,0.7189296543371567
2021-12-03,0.755342074980439
2021-12-06,0.6810981481908074
2021-12-07,0.640045251789385
2021-12-08,0.6416926616274702
2021-12-09,0.6775738278224115
2021-12-10,0.6551442466580173
2021-12-13,0.6878312076636351
2021-12-14,0.7096162006202833
2021-12-15,0.6531401695915532
2021-12-16,0.701502235390789
2021-12-17,0.7051793082527568
2021-12-20,0.716585794762557
2021-12-21,0.6565070068680106
2021-12-22,0.6388384478392696
2021-12-23,0.6308224609355496
2021-12-27,0.6038152891171998
2021-12-28,0.6300294895361103
2021-12-29,0.6342916055720952
2021-12-30,0.6460567362217573
2021-12-31,0.6581438089725524
2022-01-03,0.6485001723242925
2022-01-04,0.6781686134138271
2022-01-05,0.7424826245078033
2022-01-06,0.7310673257164007
2022-01-07,0.7297344446346704
2022-01-10,0.707001093626265
2022-01-11,0.6563258362747425
2022-01-12,0.6442313208141632
2022-01-13,0.7033866555458796
2022-01-14,0.6884699444389086
2022-01-18,0.7443377541406945
2022-01-19,0.7657866403629013
2022-01-20,0.7878028240553963
2022-01-21,0.8641792560119804
2022-01-24,0.8500506878782557
2022-01-25,0.8894268649627335
2022-01-26,0.9002818559433629
2022-01-27,0.9439551271269205
2022-01-28,0.8621395492089006
2022-01-31,0.792473784092767
2022-02-01,0.8173844186140496
2022-02-02,0.8025534236005837
2022-02-03,0.9255800732437942
2022-02-04,0.9007381087295663
2022-02-07,0.9237604307852789
2022-02-08,0.8964199240577472
2022-02-09,0.769891784603713
2022-02-10,0.8252161626973744
2022-02-11,0.8808929747721783
2022-02-14,0.8693351896092889
2022-02-15,0.8029872380048234
2022-02-16,0.8110197393313594
2022-02-17,0.8926895226859107
2022-02-18,0.9326171832395107
2022-02-22,0.9455226308826583
2022-02-23,1.0098506788204082
2022-02-24,0.8826775663547661
2022-02-25,0.8358755481837103
2022-02-28,0.8329099081119088
2022-03-01,0.879067202299688
2022-03-02,0.8417938956114766
2022-03-03,0.8867377571801012
2022-03-04,0.9324204825653892
2022-03-07,1.0443291687452958
2022-03-08,0.9885331756349097
2022-03-09,0.9037951899661325
2022-03-10,0.9465587598065498
2022-03-11,1.0155802026793206
2022-03-14,1.0798731004750617
2022-03-15,0.9786627984860958
2022-03-16,0.891635618119822
2022-03-17,0.8686103537437437
2022-03-18,0.8024157777777648
2022-03-21,0.8077795788940448
2022-03-22,0.7566566045516782
2022-03-23,0.7893035421800441
2022-03-24,0.7437515545288134
2022-03-25,0.7458001836575312
2022-03-28,0.7113008190116696
2022-03-29,0.6793129747742583
2022-03-30,0.7089446560961559
2022-03-31,0.7434260888818871
2022-04-01,0.7357441564065168
2022-04-04,0.6895458917278182
2022-04-05,0.7337504851606506
2022-04-06,0.7838836584550227
2022-04-07,0.7825720708282683
2022-04-08,0.8251206897743469
2022-04-11,0.9015508181467259
2022-04-12,0.9134049723415986
2022-04-13,0.8773001659031222
2022-04-14,0.9450662710802838
2022-04-18,0.9561293203881855
2022-04-19,0.9023314053820034
2022-04-20,0.9368730563347196
2022-04-21,0.9941273804481018
2022-04-22,1.0746905130863684
2022-04-25,1.0372203000193936
2022-04-26,1.1864038913783634
2022-04-27,1.1589708728977222
2022-04-28,1.0665853950319721
2022-04-29,1.2273720487356625
2022-05-02,1.1562997391411052
2022-05-03,1.1554181380450932
2022-05-04,1.0557894820305684
2022-05-05,1.2390157460877071
2022-05-06,1.2334760652143233
2022-05-09,1.3859000960951113
2022-05-10,0.0
2022-05-11,0.0
2022-05-12,1.5374879172518114
2022-05-13,1.3739999050761103
2022-05-16,1.4934261446557384
2022-05-17,1.3885199145599694
2022-05-18,1.648077375045067
2022-05-19,1.648996151147391
2022-05-20,1.6676752497450322
2022-05-23,1.5947760115576635
2022-05-24,1.7144332660756234
2022-05-25,1.6292208397131653
2022-05-26,1.5028711547578995
2022-05-27,1.364815028296399
2022-05-31,1.3747981563061535
2022-06-01,1.3351389390385366
2022-06-02,1.2076388022826174
2022-06-03,1.3235412377588636
2022-06-06,1.3053837917080944
2022-06-07,1.2772847889778038
2022-06-08,1.3104802756900074
2022-06-09,1.428784635439345
2022-06-10,1.613817166754436
2022-06-13,1.9842466877334948
2022-06-14,1.9981977592225486
2022-06-15,1.8533290305677015
2022-06-16,2.097496829802399
2022-06-17,2.01223510310117
2022-06-21,1.8823956077704072
2022-06-22,1.9193799417568875
2022-06-23,1.86521804022371
2022-06-24,1.7064171872746972
2022-06-27,1.7480058291781668
2022-06-28,1.8907007664585305
2022-06-29,1.87847398449477
2022-06-30,1.9687958953825855
2022-07-01,1.9328239454224414
2022-07-05,1.7584645181472902
2022-07-06,1.7749256747138988
2022-07-07,1.6644140769509497
2022-07-08,1.6698269460258184
2022-07-11,1.802454052576189
2022-07-12,1.8790386887974229
2022-07-13,1.813785396757458
2022-07-14,1.7196150503908845
2022-07-15,1.5976557558136946
2022-07-18,1.6114420424646914
2022-07-19,1.475684601854255
2022-07-20,1.4447253535445963
2022-07-21,1.3832007320323352
2022-07-22,1.4499004775862936
2022-07-25,1.477358963648614
2022-07-26,1.565826045838281
2022-07-27,1.387224634453966
2022-07-28,1.3544420215109028
2022-07-29,1.2738044838370597
2022-08-01,1.2698433863448007
2022-08-02,1.2513311158873437
2022-08-03,1.1607653102595419
2022-08-04,1.1319112469874795
2022-08-05,1.1512677387914085
2022-08-08,1.166746257267872
2022-08-09,1.2099450165445034
2022-08-10,1.1062938327449612
2022-08-11,1.1156503195036493
2022-08-12,1.0200300187385465
2022-08-15,1.0002759014543146
2022-08-16,1.0157261218853997
2022-08-17,1.0251318209672946
2022-08-18,1.0116700330544033
2022-08-19,1.0702779560794373
2022-08-22,1.16087131933215
2022-08-23,1.187827776014621
2022-08-24,1.2111368934435456
2022-08-25,1.1536911551500129
2022-08-26,1.2997840080801482
2022-08-29,1.321206616204286
2022-08-30,1.422868176104051
2022-08-31,1.547953533526888
2022-09-01,1.5783500438522104
2022-09-02,1.6379480568685283
2022-09-06,1.6829631479626561
2022-09-07,1.6267278339298938
2022-09-08,1.605738448756554
2022-09-09,1.5130154087460603
2022-09-12,1.4705653371989564
2022-09-13,1.7814056903651623
2022-09-14,1.7189809918276433
2022-09-15,1.8097439140342744
2022-09-16,1.8550421535176256
2022-09-19,1.8028785292530187
2022-09-20,1.8699599842790153
2022-09-21,1.9533357058535143
2022-09-22,2.0374795346164065
2022-09-23,2.1756680799917496
2022-09-26,2.23173781960447
2022-09-27,2.247216580576241
2022-09-28,2.1050167234300536
2022-09-29,2.3271552320200324
2022-09-30,2.392035491081722
2022-10-03,2.2687690399979648
2022-10-04,2.0866771748443327
2022-10-05,2.1435502507062787
2022-10-06,2.215396817981655
2022-10-07,2.5023418544839884
2022-10-10,2.55895446400559
2022-10-11,2.6620362781700964
2022-10-12,2.6602443287698554
2022-10-13,2.500819508343827
2022-10-14,2.7757558165104315
2022-10-17,2.518185181889498
2022-10-18,2.5038390441575156
2022-10-19,2.517607499117263
2022-10-20,2.5798919771740825
2022-10-21,2.4158202448364468
2022-10-24,2.3740706185168348
2022-10-25,2.217391116234692
2022-10-26,2.375370238858595
2022-10-27,2.487379725081812
2022-10-28,inf
2022-10-31,2.2549873692258253
2022-11-01,2.312873742664053
2022-11-02,2.56142831406031
2022-11-03,2.7389466270680063
2022-11-04,2.489382324983759
2022-11-07,2.3563099771442366
2022-11-08,2.338578883167122
2022-11-09,2.5298075070167525
2022-11-10,2.072564016777123
2022-11-11,2.004472263551812
2022-11-14,2.0964605537361836
2022-11-15,2.0287838623635395
2022-11-16,2.1169178667280155
2022-11-17,2.1624724354088984
2022-11-18,2.182959881604599
2022-11-21,2.2702286975726214
2022-11-22,2.1852403873682724
2022-11-23,2.1260884527685904
2022-11-25,2.1670360590160356
2022-11-28,2.303881584776669
2022-11-29,2.3728939679394685
2022-11-30,2.092516464231833
2022-12-01,2.044714379412965
2022-12-02,2.0514131364073442
2022-12-05,2.1862903121391795
2022-12-06,2.282671073573747
2022-12-07,2.2876025529037047
2022-12-08,2.2387082773266305
2022-12-09,2.2550332753014546
2022-12-12,2.201575138665078
2022-12-13,2.1334709865150763
2022-12-14,2.228922931947589
2022-12-15,2.4883282219098595
2022-12-16,2.478288653954927
2022-12-19,2.591411122267635
2022-12-20,2.5978096521108425
2022-12-21,2.42500710829662
2022-12-22,2.657781993634102
2022-12-23,2.503925649679222
2022-12-27,2.626775590857533
2022-12-28,2.7273505868250556
2022-12-29,2.540068317557073
2022-12-30,2.5278970425776
2023-01-03,2.631829390504337
2023-01-04,2.617228082704251
2023-01-05,2.778911712455945
2023-01-06,2.5049281826595187
2023-01-09,2.5020264691857657
2023-01-10,2.4625964120672807
2023-01-11,2.342917749528313
2023-01-12,2.320854065626134
2023-01-13,2.2452073949442757
2023-01-17,2.2826495072354445
2023-01-18,2.4298636335129657
2023-01-19,2.5348364994759653
2023-01-20,2.301095077023454
2023-01-23,2.187362107661162
2023-01-24,2.2128349207786333
2023-01-25,2.238936593405985
2023-01-26,2.098967269359667
2023-01-27,1.9724371479671878
2023-01-30,2.1655358937337645
2023-01-31,2.1040075520889574
2023-02-01,1.9556300679665939
2023-02-02,1.7778632797282672
2023-02-03,1.81508099948069
2023-02-06,1.9026685360109892
2023-02-07,1.8151819929132869
2023-02-08,1.9174970772762607
2023-02-09,1.9609884280227485
2023-02-10,1.9438608996698719
2023-02-13,1.8812817960483998
2023-02-14,1.8661514228793545
2023-02-15,1.8607268237853227
2023-02-16,2.000996528487938
2023-02-17,1.956184185271805
2023-02-21,2.1680161152824993
2023-02-22,2.212227775465135
2023-02-23,2.2452937934824826
2023-02-24,2.275524498465733
2023-02-27,2.26168742344686
2023-02-28,2.3242117354979537
2023-03-01,2.415887735707546
2023-03-02,2.3725328789431823
2023-03-03,2.154121477685346
2023-03-06,2.202273105319369
2023-03-07,2.3265658910778653
2023-03-08,2.3108927875991774
2023-03-09,2.5094575657876326
2023-03-10,2.5607502244985128
2023-03-13,2.599471311896493
2023-03-14,2.4873801559632036
2023-03-15,2.444790370146973
2023-03-16,2.280694658246289
2023-03-17,2.319628244298973
2023-03-20,2.313260293187453
2023-03-21,2.2700388925496426
2023-03-22,2.3406236462398606
2023-03-23,2.3241433936175975
2023-03-24,2.268839006687721
2023-03-27,2.4069456839394587
2023-03-28,2.4301326107101797
2023-03-29,2.3002540535448257
2023-03-30,2.282520831920208
2023-03-31,2.1290767597362152
2023-04-03,2.177543284155721
2023-04-04,2.233304330985932
2023-04-05,2.319635163468993
2023-04-06,2.1577423264212037
2023-04-10,2.1931980878017554
2023-04-11,2.2422904819412697
2023-04-12,2.297209086739669
2023-04-13,2.1476659029400205
2023-04-14,2.1413680056904316
2023-04-17,2.173170259694567
2023-04-18,2.1995196510553243
2023-04-19,2.185525118887809
2023-04-20,2.2454094156919053
2023-04-21,2.189526448033239
2023-04-24,2.2696909442693234
2023-04-25,2.4065834198714717
2023-04-26,2.3611462849653373
2023-04-27,2.236853611443112
2023-04-28,2.1645561296156215
2023-05-01,2.230398962614053
2023-05-02,2.307534485214292
2023-05-03,2.3663755093834458
2023-05-04,2.398292369387514
2023-05-05,2.1810099416147204
2023-05-08,2.207392775384825
2023-05-09,2.272828667436918
2023-05-10,2.21561256850925
2023-05-11,2.2304424300876713
2023-05-12,2.2122252971811327
2023-05-15,2.1964540540881052
2023-05-16,2.213675037802556
2023-05-17,2.1494481224190065
2023-05-18,2.063520084669739
2023-05-19,2.034044535451209
2023-05-22,2.046364624149865
2023-05-23,2.1091778990275967
2023-05-24,2.1505461034794795
2023-05-25,2.015732320822467
2023-05-26,1.824163328250913
2023-05-30,1.849822402773937
2023-05-31,1.888251960331502
2023-06-01,1.8093682124048465
2023-06-02,1.7401162611237733
2023-06-05,1.7720445576148216
2023-06-06,1.7765150095919302
2023-06-07,1.8798999074925067
2023-06-08,1.8294195826488495
2023-06-09,1.761810487611355
2023-06-12,1.6768705517957565
2023-06-13,1.6465041503281406
2023-06-14,1.6079185519950245
2023-06-15,1.5621564490343272
2023-06-16,1.5612166763687552
2023-06-20,1.5585205370477142
2023-06-21,1.6221788300595592
2023-06-22,1.5560632546852968
2023-06-23,1.5802430672048564
2023-06-26,1.6872097153573615
2023-06-27,1.5938209899184013
2023-06-28,1.5719046586937002
2023-06-29,1.567323919843466
2023-06-30,1.4747494505423246
2023-07-03,1.4694504416439456
2023-07-05,1.4720844574773926
2023-07-06,1.531901441116416
2023-07-07,1.534124035149301
2023-07-10,1.5386840504286152
2023-07-11,1.5221251834544185
2023-07-12,1.4674230155092032
2023-07-13,1.3981045355793507
2023-07-14,1.383576907491448
2023-07-17,1.352098769676538
2023-07-18,1.322017983982037
2023-07-19,1.3385504164081043
2023-07-20,1.4365665934982579
2023-07-21,1.423023234212537
2023-07-24,1.422975977779647
2023-07-25,1.3917573663770422
2023-07-26,1.3982148330243496
2023-07-27,1.4074222997292816
2023-07-28,1.30550192100633
2023-07-31,1.338898709899345
2023-08-01,1.3581277469158486
2023-08-02,1.4509682333038771
2023-08-03,1.4857208476069172
2023-08-04,1.4683440535639078
2023-08-07,1.4559056174169895
2023-08-08,1.508649437033418
2023-08-09,1.5672892297773142
2023-08-10,1.5640298462002027
2023-08-11,1.5691668485472392
2023-08-14,1.533282248438055
2023-08-15,1.6095262884892088
2023-08-16,1.6563545161218114
2023-08-17,1.7318039447475944
2023-08-18,1.7281670983432216
2023-08-21,1.6837740153087433
2023-08-22,1.7080338145398004
2023-08-23,1.6313729170969626
2023-08-24,1.7807497988393666
2023-08-25,1.7153526620494775
2023-08-28,1.6876063079469408
2023-08-29,1.5938766736185122
2023-08-30,1.5553395739504798
2023-08-31,1.5529614311284334
2023-09-01,1.5645652825555134
2023-09-05,1.550867429946512
2023-09-06,1.6106226441766454
2023-09-07,1.660585284005916
2023-09-08,1.6425278207500944
2023-09-11,1.6016513234233503
2023-09-12,1.6712500939626433
2023-09-13,1.657033262545972
2023-09-14,1.625294884627408
2023-09-15,1.6582152462082902
2023-09-18,1.6857424099508322
2023-09-19,1.7012006643476447
2023-09-20,1.7890658666019195
2023-09-21,1.9014039412928911
2023-09-22,1.8694028413907966
2023-09-25,1.8893381930434594
2023-09-26,2.002608413695028
2023-09-27,1.992001233605985
2023-09-28,1.9632226627979439
2023-09-29,1.913795515865566
2023-10-02,1.8972205271310838
2023-10-03,2.0324059257780593
2023-10-04,1.9325238157030815
2023-10-05,2.0524127154173852
2023-10-06,1.9398451324215045
2023-10-09,1.9329210493767321
2023-10-10,1.905729317380258
2023-10-11,1.8785034424173712
2023-10-12,1.9136961568472322
2023-10-13,2.003914689608533
2023-10-16,1.9334553963081607
2023-10-17,1.9754354541374626
2023-10-18,2.0662182375347733
2023-10-19,2.140489994806517
2023-10-20,2.1659278179205472
2023-10-23,2.172791613711609
2023-10-24,2.2002147726211447
2023-10-25,2.38670917110085
2023-10-26,2.533772088780404
2023-10-27,2.4098559983245544
2023-10-30,2.430710017752754
2023-10-31,2.534409799305505
2023-11-01,2.4660100015599267
2023-11-02,2.377214472650307
2023-11-03,2.229358415845118
2023-11-06,2.2545793060707537
2023-11-07,2.1379348739177835
2023-11-08,2.161671631798894
2023-11-09,2.244333091879516
2023-11-10,2.0491958517084456
2023-11-13,2.129495928200347
2023-11-14,2.0114011865334738
2023-11-15,2.0011039346606108
2023-11-16,2.013384536269756
2023-11-17,1.9911059841730938
2023-11-20,1.9247693749189374
2023-11-21,1.9450982807171715
2023-11-22,1.901028845812298
2023-11-24,1.8796352172216155
2023-11-27,1.9101030602296039
2023-11-28,1.8825768045869886
2023-11-29,1.9017896789441684
2023-11-30,1.9161734749672257
2023-12-01,1.8296384756239699
2023-12-04,1.9193376429415223
2023-12-05,1.930264865677286
2023-12-06,1.9598503070464453
2023-12-07,1.8792741642318356
2023-12-08,1.810599872837868
2023-12-11,1.7913612020474898
2023-12-12,1.7618277940983107
2023-12-13,1.6899295602866526
2023-12-14,1.6992506884311498
2023-12-15,1.6447270703611725
2023-12-18,1.6423818399556247
2023-12-19,1.6147327412335757
2023-12-20,1.7059799233070254
2023-12-21,1.6900547857777428
2023-12-22,1.6565397775985529
2023-12-26,1.6409129811689946
2023-12-27,1.6137676146530227
2023-12-28,1.6259855120503597
2023-12-29,1.6296539563337153
2024-01-02,1.7296738083654166
2024-01-03,1.7887136925884062
2024-01-04,1.8673963321719287
2024-01-05,1.8408571109786498
2024-01-08,1.7543022753324216
2024-01-09,1.7462178374271697
2024-01-10,1.7077669608403618
2024-01-11,1.713110905046514
2024-01-12,1.6914918506765095
2024-01-16,1.7250446482379365
2024-01-17,1.7616005572019513
2024-01-18,1.7105969980751485
2024-01-19,1.6103029779742983
2024-01-22,1.622993456418294
2024-01-23,1.6094282041839774
2024-01-24,1.5775522289568138
2024-01-25,1.5811492791338153
2024-01-26,1.5973102123857068
2024-01-29,1.5550668919211545
2024-01-30,1.57502692589194
2024-01-31,1.5696773862612723
2024-02-01,1.5058844537678409
2024-02-02,1.432721368795962
2024-02-05,1.460493274018078
2024-02-06,1.4806561063372425
2024-02-07,1.4318777369688587
2024-02-08,1.434344541663514
2024-02-09,1.3928767881229218
2024-02-12,1.4239084698536932
2024-02-13,1.5074917092262823
2024-02-14,1.4530989860059444
2024-02-15,1.4423284965009817
2024-02-16,1.4800658155411068
2024-02-20,1.5314303993457499
2024-02-21,1.5473102704828523
2024-02-22,1.4223717673944725
2024-02-23,1.4500232120848089
2024-02-26,1.4699983389538802
2024-02-27,1.471231981441034
2024-02-28,1.490507416609735
2024-02-29,1.45001866674401
2024-03-01,1.3698043701670812
2024-03-04,1.4149627347158307
2024-03-05,1.516822952369625
2024-03-06,1.4816748129393364
2024-03-07,1.4225038644194976
2024-03-08,1.489064508002111
2024-03-11,1.5135518781767567
2024-03-12,1.4386044919433008
2024-03-13,1.4779177804103578
2024-03-14,1.4988023017112628
2024-03-15,1.5405920007563172
2024-03-18,1.5010715429826114
2024-03-19,1.4151349339674562
2024-03-20,1.3772994836402843
2024-03-21,1.4108104467621536
2024-03-22,1.4000807716295438
2024-03-25,1.4248523344465116
2024-03-26,1.4458323602396264
2024-03-27,1.4305925777348656
2024-03-28,1.4059324932687578
2024-04-01,1.392432546871315
2024-04-02,1.4662833214379127
2024-04-03,1.473842050561871
2024-04-04,1.5639182367247355
2024-04-05,1.4969278473038858
2024-04-08,1.510675338900139
2024-04-09,1.4992200553598998
2024-04-10,1.5444447975248692
2024-04-11,1.47009909549031
2024-04-12,1.54901245849373
2024-04-15,1.6301175279164803
2024-04-16,1.6399647672702387
2024-04-17,1.7149249463240466
2024-04-18,1.7460043652743444
2024-04-19,1.8463650326659098
2024-04-22,1.791207719167977
2024-04-23,1.69365464753375
2024-04-24,1.6805790774279512
2024-04-25,1.713361747404055
2024-04-26,1.615952417486774
2024-04-29,1.5968657472524324
2024-04-30,1.6933903058164657
2024-05-01,1.7163559726810889
2024-05-02,1.6910092509727332
2024-05-03,1.5896638703827133
2024-05-06,1.5513156132930102
2024-05-07,1.5491324561545756
2024-05-08,1.56091297186882
2024-05-09,1.553156412953592
2024-05-10,1.5420897343441948
2024-05-13,1.5396271447714112
2024-05-14,1.5088217559351647
2024-05-15,1.4484005660403592
2024-05-16,1.4679210456268637
2024-05-17,1.462774206456196
2024-05-20,1.4401805013032798
2024-05-21,1.4292943925861914
2024-05-22,1.4382604745628793
2024-05-23,1.4614587528142244
2024-05-24,1.4206912836399521
2024-05-28,1.431236406263366
2024-05-29,1.4640747964533576
2024-05-30,1.5190400714293613
2024-05-31,1.5073265682381474
2024-06-03,1.48859666161894
2024-06-04,1.4857072063471426
2024-06-05,1.4004084748164396
2024-06-06,1.426752797663843
2024-06-07,1.448260018824245
2024-06-10,1.4419761932815356
2024-06-11,1.4147275129107126
2024-06-12,1.3670146304746968
2024-06-13,1.3541285198916346
2024-06-14,1.3468797444333744
2024-06-17,1.3057217729374913
2024-06-18,inf
2024-06-20,inf
2024-06-21,inf
2024-06-24,inf
2024-06-25,inf
2024-06-26,inf
2024-06-27,inf
2024-06-28,1.3878364786833295
2024-07-01,1.3561244139329316
2024-07-02,1.3228917812769154
2024-07-03,1.2954933620109672
2024-07-05,1.2668594737048409
2024-07-08,1.2743922440120592
2024-07-09,1.2761583754968364
2024-07-10,inf
2024-07-11,1.3419378825324852
2024-07-12,1.317627933977003
2024-07-15,1.3012774070788105
2024-07-16,1.2941102442079846
2024-07-17,1.4200593078023134
2024-07-18,1.4479436744097447
2024-07-19,1.4748404737485836
2024-07-22,1.3922379516536558
2024-07-23,1.4216767203625122
2024-07-24,1.6056367328928887
2024-07-25,1.6290725617919373
2024-07-26,1.5714779241915464
2024-07-29,1.5520695501080668
2024-07-30,1.601519294832612
2024-07-31,1.4412596691579553
2024-08-01,1.5387784223514724
2024-08-02,1.6775539282339345
2024-08-05,1.8955132049212038
2024-08-06,1.808378039951915
2024-08-07,1.8901011672229866
2024-08-08,1.7473041182602085
2024-08-09,1.7179209765953471
2024-08-12,1.7194587872111038
2024-08-13,1.5951350864916223
2024-08-14,1.5933339201363013
2024-08-15,1.480718175091875
2024-08-16,1.4685676470193725
2024-08-19,1.416517306070711
2024-08-20,1.4336130484181346
2024-08-21,1.414307693055298
2024-08-22,1.5046771409740618
2024-08-23,1.461294662642322
2024-08-26,1.5084721981251834
2024-08-27,1.495432466855765
2024-08-28,1.5561989551033997
2024-08-29,inf
2024-08-30,inf
2024-09-03,1.6467521657512358
2024-09-04,1.6670452095161965
2024-09-05,1.6743720274629046
2024-09-06,1.8267486767420056
2024-09-09,1.7562726442328953
2024-09-10,1.7216487410374417
2024-09-11,1.6090851234267987
2024-09-12,1.5296363060409723
2024-09-13,1.5128284366654716
2024-09-16,1.5481506463969186
2024-09-17,1.5470004922111922
2024-09-18,1.5609564155277353
2024-09-19,1.4445099120861995
2024-09-20,1.4638093341548897
2024-09-23,1.414736157557708
2024-09-24,1.3864744594450262
2024-09-25,1.3857890118121932
2024-09-26,1.3597642928181959
2024-09-27,1.3689817666057804
2024-09-30,1.3459212167341268
2024-10-01,1.4232196798927725
2024-10-02,1.425409364883436
2024-10-03,1.4367520696520975
2024-10-04,1.3872746921354637
2024-10-07,1.4483211458073253
2024-10-08,1.3789424753162374
2024-10-09,1.3512312921447835
2024-10-10,inf
2024-10-11,inf
2024-10-14,inf
2024-10-15,inf
2024-10-16,inf
2024-10-17,inf
2024-10-18,inf
2024-10-21,1.364383114170579
2024-10-22,1.3675050257726817
2024-10-23,1.4439354921530352
2024-10-24,1.4032635125046733
2024-10-25,1.3831591106459105
2024-10-28,1.3950773817155049
2024-10-29,1.358566659686598
2024-10-30,1.3951923799764938
2024-10-31,1.495797903402755
2024-11-01,1.4548030921463047
2024-11-04,1.4954936701297918
2024-11-05,1.4374595672152533
2024-11-06,1.330963550556307
2024-11-07,1.2871898994131727
2024-11-08,1.297528928788228
2024-11-11,1.3215694044757609
2024-11-12,1.3394857735092291
2024-11-13,1.3501537141152364
2024-11-14,1.3893065256913846
2024-11-15,1.488741839742044
2024-11-18,1.4358185329746087
2024-11-19,1.3854639532571387
2024-11-20,1.3926504105806532
2024-11-21,1.3765427597469313
2024-11-22,1.3735710906619474
2024-11-25,1.3760308688267084
2024-11-26,1.3550567379788343
2024-11-27,1.3836763894679727
2024-11-29,1.3350081596411416
2024-12-02,1.298125732870663
2024-12-03,1.2936841290924153
2024-12-04,1.233324832705861
2024-12-05,1.2544522182555597
2024-12-06,1.2336202673300511
2024-12-09,1.2919720424771783
2024-12-10,1.3132739719674715
2024-12-11,1.242167322659271
2024-12-12,1.2771633238563658
2024-12-13,1.251635615542507
2024-12-16,1.2150288889320358
2024-12-17,1.2368684892968473
2024-12-18,1.3921028948654957
2024-12-19,1.4205996829725647
2024-12-20,1.3796714787811468
2024-12-23,1.3433668497626956
2024-12-24,1.283451397540429
2024-12-26,1.2922678811319144
2024-12-27,1.3664245602752465
2024-12-30,1.4188791506865812
2024-12-31,1.454417981572016
